<?xml version="1.0" encoding="UTF-8"?>
<project-private xmlns="http://www.netbeans.org/ns/project-private/1">
    <editor-bookmarks xmlns="http://www.netbeans.org/ns/editor-bookmarks/2" lastBookmarkId="0"/>
    <open-files xmlns="http://www.netbeans.org/ns/projectui-open-files/2">
        <group>
            <file>file:/D:/G_Github/WAA/lab8/src/java/TemperatureConverter.java</file>
            <file>file:/D:/G_Github/WAA/lab8/src/java/PriceValidator.java</file>
            <file>file:/D:/G_Github/WAA/lab8/web/CarValidation.xhtml</file>
            <file>file:/D:/G_Github/WAA/lab8/src/java/Car.java</file>
            <file>file:/D:/G_Github/WAA/lab8/src/java/Weather.java</file>
            <file>file:/D:/G_Github/WAA/lab8/web/index.xhtml</file>
            <file>file:/D:/G_Github/WAA/lab8/web/weatherResult.xhtml</file>
        </group>
    </open-files>
</project-private>
